---
layout: null
---
<?xml version="1.0" encoding="UTF-8"?>
<rss version="2.0" xmlns:atom="http://www.w3.org/2005/Atom">
  <channel>
    <title>{{ site.title | xml_escape }}</title>
    <description>{{ site.description | xml_escape }}</description>
    <link>{{ site.url }}{{ site.baseurl }}/</link>
    <atom:link href="{{ "/feed.xml" | prepend: site.baseurl | prepend: site.url }}" rel="self" type="application/rss+xml" />
    <pubDate>{{ site.time | date_to_rfc822 }}</pubDate>
    <lastBuildDate>{{ site.time | date_to_rfc822 }}</lastBuildDate>
    <generator>Jekyll v{{ jekyll.version }}</generator>
    {% for video in site.videos %}
      <item>
        <title>{{ video.title | xml_escape }}</title>
        <description>{{ video.content | xml_escape }}</description>
        <pubDate>
            {{ video.date | date: '%d %B %Y' | date_to_rfc822 }}
        </pubDate>
        <link>{{ video.url | prepend: site.baseurl | prepend: site.url }}</link>
        <guid isPermaLink="true">{{ video.url | prepend: site.baseurl | prepend: site.url }}</guid>
        {% for tag in video.tags %}
        <category>{{ tag | xml_escape }}</category>
        {% endfor %}
      </item>
    {% endfor %}
  </channel>
</rss>
